{
  "arm0": {
    "home": [
      0.0,
      0.0,
      0.0,
      -1.57079,
      0.0,
      1.57079,
      -0.7853
    ],
    "bin_a": [
      -0.317198,
      -0.59847,
      -1.143191,
      -1.971892,
      -1.013951,
      1.410503,
      -0.7853
    ],
    "bin_b": [
      -0.330433,
      -0.775258,
      -1.529464,
      -1.660532,
      -1.285541,
      1.791048,
      -0.7853
    ],
    "station_1": [
      1.119088,
      -1.394603,
      -1.783358,
      -0.46176,
      -2.8973,
      2.541569,
      -0.7853
    ],
    "station_2": [
      0.791845,
      -1.330506,
      -2.049191,
      -0.550747,
      -2.8973,
      2.666251,
      -0.7853
    ],
    "part_1": [
      -0.71443,
      -0.620186,
      -1.404033,
      -1.994976,
      -2.754309,
      3.7525,
      -0.7853
    ],
    "part_2": [
      -0.645607,
      -0.58543,
      -1.394245,
      -1.996475,
      -2.748454,
      3.696416,
      -0.7853
    ],
    "part_3": [
      -0.569683,
      -0.541646,
      -1.390714,
      -1.992331,
      -2.743173,
      3.624005,
      -0.7853
    ],
    "conveyor_pick": [
      0.284949,
      -1.080286,
      -2.088401,
      -1.005966,
      -2.829694,
      2.421446,
      -0.7853
    ]
  },
  "arm1": {
    "home": [
      0.0,
      0.0,
      0.0,
      -1.57079,
      0.0,
      1.57079,
      -0.7853
    ],
    "bin_a": [
      -0.455968,
      0.095423,
      -0.471102,
      -1.662097,
      -0.226909,
      1.581672,
      -0.7853
    ],
    "bin_b": [
      -0.695599,
      -0.062404,
      -0.71771,
      -1.810356,
      -0.311502,
      1.373595,
      -0.7853
    ],
    "station_1": [
      -1.027802,
      1.218138,
      -0.775719,
      -0.557629,
      0.00211,
      2.828046,
      -0.7853
    ],
    "station_2": [
      -1.379654,
      1.287206,
      -0.844349,
      -0.467002,
      0.0,
      2.956401,
      -0.7853
    ],
    "part_1": [
      0.412629,
      1.7628,
      -1.891919,
      -1.911248,
      -2.886566,
      3.7525,
      -0.7853
    ],
    "part_2": [
      0.37181,
      1.754652,
      -1.882682,
      -1.84025,
      -2.874149,
      3.681322,
      -0.7853
    ],
    "part_3": [
      0.321849,
      1.744559,
      -1.87579,
      -1.761731,
      -2.862185,
      3.601055,
      -0.7853
    ],
    "conveyor_pick": [
      -0.490812,
      1.579589,
      -1.815821,
      -1.780696,
      -2.839909,
      3.272328,
      -0.7853
    ]
  }
}
