{
  "arm0": {
    "home": [
      0.0,
      0.0,
      0.0,
      -1.57079,
      0.0,
      1.57079,
      -0.7853
    ],
    "bin_a": [
      -0.561363,
      0.536786,
      -0.507666,
      -2.884743,
      -0.808012,
      2.324075,
      -0.7853
    ],
    "bin_b": [
      -1.10328,
      1.172263,
      -0.885032,
      -2.495901,
      -0.969728,
      2.538654,
      -0.7853
    ],
    "station_1": [
      -0.845588,
      1.081765,
      -0.78781,
      -1.803308,
      -1.011621,
      2.72918,
      -0.7853
    ],
    "station_2": [
      -1.288504,
      1.365974,
      -0.929543,
      -1.47121,
      -1.010653,
      2.797905,
      -0.7853
    ],
    "part_1": [
      -0.218732,
      0.467108,
      -0.580565,
      -2.974068,
      -0.962951,
      2.44963,
      -0.7853
    ],
    "part_2": [
      -0.353514,
      0.7093,
      -0.605512,
      -3.018939,
      -0.973238,
      2.543953,
      -0.7853
    ],
    "part_3": [
      -0.354554,
      0.773316,
      -0.737429,
      -2.842343,
      -1.004918,
      2.483523,
      -0.7853
    ],
    "conveyor_pick": [
      -1.231912,
      1.542606,
      -1.10346,
      -1.994285,
      -1.110062,
      2.735044,
      -0.7853
    ]
  },
  "arm1": {
    "home": [
      0.0,
      0.0,
      0.0,
      -1.57079,
      0.0,
      1.57079,
      -0.7853
    ],
    "bin_a": [
      -0.189361,
      0.723195,
      -0.160624,
      -1.948298,
      -0.079342,
      1.733186,
      -0.7853
    ],
    "bin_b": [
      -0.332262,
      0.897035,
      -0.319415,
      -2.320042,
      -0.14217,
      1.594094,
      -0.7853
    ],
    "station_1": [
      -0.587995,
      1.180973,
      -0.524494,
      -1.265578,
      -0.416577,
      2.407361,
      -0.7853
    ],
    "station_2": [
      -0.736876,
      1.143925,
      -0.669006,
      -1.514949,
      -0.418538,
      2.227322,
      -0.7853
    ],
    "part_1": [
      -0.038744,
      0.753353,
      -0.20562,
      -1.882038,
      -0.237224,
      1.811763,
      -0.7853
    ],
    "part_2": [
      -0.006256,
      0.730607,
      -0.169832,
      -2.057249,
      -0.205164,
      1.67676,
      -0.7853
    ],
    "part_3": [
      -0.0955,
      0.763724,
      -0.282565,
      -1.998023,
      -0.258597,
      1.731948,
      -0.7853
    ],
    "conveyor_pick": [
      -0.498631,
      1.07741,
      -0.66568,
      -2.203397,
      -0.418287,
      1.796797,
      -0.7853
    ]
  }
}
